56a0f7a4395211eca6f6502f9b172694,2021-10-28,fileinfo,120.53.125.30,10.112.117.158,high
56a19374395211eca4f2502f9b172694,2021-10-28,tls,10.112.117.158,185.199.110.133,high
56a20858395211ec91dc502f9b172694,2021-10-28,dns,10.112.117.158,10.112.108.112,high
56a27d34395211eca05a502f9b172694,2021-10-28,dns,10.112.117.158,10.112.108.112,high
56a2f214395211eca9e4502f9b172694,2021-10-28,dns,10.112.117.158,10.112.108.112,high
56a366f0395211ec91fe502f9b172694,2021-10-28,dns,10.112.117.158,10.112.108.112,high
56a3dbdc395211ec97fb502f9b172694,2021-10-28,dns,10.112.117.158,10.112.108.112,high
56a450c0395211ecbfe1502f9b172694,2021-10-28,dns,10.112.117.158,10.112.108.112,high
56a4c59e395211ec9ed0502f9b172694,2021-10-28,dns,10.112.117.158,10.112.108.112,high
56a53a80395211eca450502f9b172694,2021-10-28,dns,10.112.117.158,10.112.108.112,high
56a5af5c395211ecafdc502f9b172694,2021-10-28,dns,10.112.117.158,10.112.108.112,high
56a6243a395211ec8efd502f9b172694,2021-10-28,http,10.112.117.158,10.112.108.112,high
56a69912395211ec8200502f9b172694,2021-10-28,http,10.112.117.158,10.112.108.112,high
56a70dfa395211ecb45e502f9b172694,2021-10-28,dns,10.112.117.158,10.112.108.112,high
56a782d2395211ec8d72502f9b172694,2021-10-28,http,10.112.117.158,10.112.108.112,high
56a7d0c8395211ecaf75502f9b172694,2021-10-28,http,10.112.117.158,10.112.108.112,high
56a845a8395211ec8edd502f9b172694,2021-10-28,fileinfo,120.53.125.30,10.112.117.158,high
56a8ba86395211ecaf9c502f9b172694,2021-10-28,dns,10.112.117.158,10.112.108.112,high
56a90874395211ec9ec6502f9b172694,2021-10-28,dns,10.112.117.158,10.112.108.112,high
56a97d50395211ecabe2502f9b172694,2021-10-28,dns,10.112.117.158,10.112.108.112,high
56a9f236395211ec896d502f9b172694,2021-10-28,http,10.112.117.158,10.112.108.112,high
56aa671a395211ec907b502f9b172694,2021-10-28,dns,10.112.117.158,10.112.108.112,high
56aab4fa395211ecb982502f9b172694,2021-10-28,dns,10.112.117.158,10.112.108.112,high
56ab29dc395211ec88c2502f9b172694,2021-10-28,http,10.112.117.158,10.112.108.112,high
56ab9eba395211ecb75e502f9b172694,2021-10-28,http,10.112.117.158,10.112.108.112,high
56abec9c395211ec9cbd502f9b172694,2021-10-28,ssh,10.112.117.158,120.53.125.30,high
56ac6188395211ec8ec1502f9b172694,2021-10-28,http,10.112.117.158,10.112.108.112,high
56acd668395211ecb9d3502f9b172694,2021-10-28,http,10.112.117.158,10.112.108.112,high
56ad4b50395211ec9f90502f9b172694,2021-10-28,http,10.112.117.158,10.112.108.112,high
56adc01c395211ec864c502f9b172694,2021-10-28,http,10.112.117.158,10.112.108.112,high
56ae0e08395211eca29a502f9b172694,2021-10-28,ssh,10.112.117.158,120.53.125.30,high
56ae82e6395211ec9dd8502f9b172694,2021-10-28,http,10.112.117.158,10.112.108.112,high
56aed0d2395211ec85c0502f9b172694,2021-10-28,http,10.112.117.158,10.112.108.112,high
56af45b4395211ec8b68502f9b172694,2021-10-28,http,10.112.117.158,10.112.108.112,high
56afba9c395211ec8f1e502f9b172694,2021-10-28,http,10.112.117.158,10.112.108.112,high
56b0087e395211ecae22502f9b172694,2021-10-28,ssh,10.112.117.158,120.53.125.30,high
56b07d68395211ec9e81502f9b172694,2021-10-28,http,10.112.117.158,10.112.108.112,high
56b0f23e395211ecabad502f9b172694,2021-10-28,http,10.112.117.158,10.112.108.112,high
56b14024395211ecae25502f9b172694,2021-10-28,http,10.112.117.158,10.112.108.112,high
56b1b508395211eca810502f9b172694,2021-10-28,http,10.112.117.158,10.112.108.112,high
56b202fa395211eca118502f9b172694,2021-10-28,ssh,10.112.117.158,120.53.125.30,high
56b277dc395211ecb644502f9b172694,2021-10-28,http,10.112.117.158,10.112.108.112,high
56b2ecb0395211ecb3fe502f9b172694,2021-10-28,http,10.112.117.158,10.112.108.112,high
56b36192395211eca0c4502f9b172694,2021-10-28,http,10.112.117.158,10.112.108.112,high
56b3af7e395211ec9a32502f9b172694,2021-10-28,http,10.112.117.158,10.112.108.112,high
56b42464395211eca26f502f9b172694,2021-10-28,http,10.112.117.158,120.53.125.30,high
56b4993a395211ec9397502f9b172694,2021-10-28,http,10.112.117.158,10.112.108.112,high
56b50e1c395211eca849502f9b172694,2021-10-28,http,10.112.117.158,10.112.108.112,high
56b5a9fa395211eca749502f9b172694,2021-10-28,dns,10.112.117.158,10.112.108.112,high
56b66ccc395211eca7f5502f9b172694,2021-10-28,dns,10.112.117.158,10.112.108.112,high
56b70894395211ec87f2502f9b172694,2021-10-28,dns,10.112.117.158,10.112.108.112,high
56b7568c395211ec92c7502f9b172694,2021-10-28,http,10.112.117.158,120.53.125.30,high
56b7cb6c395211ec90d7502f9b172694,2021-10-28,http,10.112.117.158,10.112.108.112,high
56b8403e395211ec8385502f9b172694,2021-10-28,http,10.112.117.158,10.112.108.112,high
56b8b52e395211ec95f5502f9b172694,2021-10-28,ssh,10.112.117.158,120.53.125.30,high
56b90310395211ec9c12502f9b172694,2021-10-28,http,10.112.117.158,10.112.108.112,high
56b977e4395211ec9b4a502f9b172694,2021-10-28,http,10.112.117.158,10.112.108.112,high
56b9ecdc395211ecb2ab502f9b172694,2021-10-28,http,10.112.117.158,10.112.108.112,high
56ba61b0395211ecab0e502f9b172694,2021-10-28,http,10.112.117.158,10.112.108.112,high
56bad68a395211ec90e8502f9b172694,2021-10-28,ssh,10.112.117.158,120.53.125.30,high
56bb2474395211eca734502f9b172694,2021-10-28,http,10.112.117.158,10.112.108.112,high
56bb9952395211ec9762502f9b172694,2021-10-28,http,10.112.117.158,10.112.108.112,high
56bbe73e395211eca3db502f9b172694,2021-10-28,http,10.112.117.158,10.112.108.112,high
56bc5c1c395211ecb400502f9b172694,2021-10-28,http,10.112.117.158,10.112.108.112,high
56bcd108395211ec8762502f9b172694,2021-10-28,ssh,10.112.117.158,120.53.125.30,high
56bd1ee8395211ec9e15502f9b172694,2021-10-28,http,10.112.117.158,10.112.108.112,high
56bd93c8395211ec95e7502f9b172694,2021-10-28,http,10.112.117.158,10.112.108.112,high
56be08a6395211ec98e9502f9b172694,2021-10-28,http,10.112.117.158,10.112.108.112,high
56be569e395211ecb06b502f9b172694,2021-10-28,http,10.112.117.158,10.112.108.112,high
56becb74395211eca30e502f9b172694,2021-10-28,ssh,10.112.117.158,120.53.125.30,high
56bf4054395211ec86e8502f9b172694,2021-10-28,http,10.112.117.158,10.112.108.112,high
56bfb536395211ec8940502f9b172694,2021-10-28,http,10.112.117.158,10.112.108.112,high
56c0510c395211eca666502f9b172694,2021-10-28,http,10.112.117.158,10.112.108.112,high
56c0c5ee395211ecb084502f9b172694,2021-10-28,http,10.112.117.158,10.112.108.112,high
56c13adc395211eca9ae502f9b172694,2021-10-28,ssh,10.112.117.158,120.53.125.30,high
56c1afb4395211ecbcdd502f9b172694,2021-10-28,http,10.112.117.158,10.112.108.112,high
56c224a8395211eca438502f9b172694,2021-10-28,http,10.112.117.158,10.112.108.112,high
56c29974395211ec9d7a502f9b172694,2021-10-28,http,10.112.117.158,10.112.108.112,high
56c30e5e395211ec9455502f9b172694,2021-10-28,http,10.112.117.158,10.112.108.112,high
56c3833a395211ecb666502f9b172694,2021-10-28,ssh,10.112.117.158,120.53.125.30,high
56c3f812395211eca04e502f9b172694,2021-10-28,http,10.112.117.158,10.112.108.112,high
56c46cee395211ec9477502f9b172694,2021-10-28,http,10.112.117.158,10.112.108.112,high
56c4bad4395211ec89a4502f9b172694,2021-10-28,http,10.112.117.158,10.112.108.112,high
56c52fc6395211ec84f3502f9b172694,2021-10-28,http,10.112.117.158,10.112.108.112,high
56c5cb8a395211ec87b4502f9b172694,2021-10-28,ssh,10.112.117.158,120.53.125.30,high
56c64078395211eca3d4502f9b172694,2021-10-28,http,10.112.117.158,10.112.108.112,high
56c68e52395211ec9982502f9b172694,2021-10-28,http,10.112.117.158,10.112.108.112,high
56c70338395211ec96c6502f9b172694,2021-10-28,http,10.112.117.158,10.112.108.112,high
56c7781a395211ec94b8502f9b172694,2021-10-28,http,10.112.117.158,10.112.108.112,high
56c813e8395211eca19b502f9b172694,2021-10-28,ssh,10.112.117.158,120.53.125.30,high
56c888de395211ec84ef502f9b172694,2021-10-28,http,10.112.117.158,10.112.108.112,high
56c8fda6395211eca2be502f9b172694,2021-10-28,http,10.112.117.158,10.112.108.112,high
56c94b92395211ec83a2502f9b172694,2021-10-28,http,10.112.117.158,10.112.108.112,high
56c9c078395211ecb230502f9b172694,2021-10-28,http,10.112.117.158,10.112.108.112,high
56ca5c4c395211ecb10a502f9b172694,2021-10-28,ssh,10.112.117.158,120.53.125.30,high
56cad134395211ec99d7502f9b172694,2021-10-28,http,10.112.117.158,10.112.108.112,high
56cb460a395211ecaa8e502f9b172694,2021-10-28,http,10.112.117.158,10.112.108.112,high
56cbbaf4395211ecbcf4502f9b172694,2021-10-28,http,10.112.117.158,10.112.108.112,high
56cc2fee395211eca390502f9b172694,2021-10-28,http,10.112.117.158,10.112.108.112,high
56cca4b4395211ec8c38502f9b172694,2021-10-28,ssh,10.112.117.158,120.53.125.30,high
56cd198a395211ecafb1502f9b172694,2021-10-28,http,10.112.117.158,10.112.108.112,high
56cd8e68395211ecb72f502f9b172694,2021-10-28,http,10.112.117.158,10.112.108.112,high
56ce034a395211eca254502f9b172694,2021-10-28,http,10.112.117.158,10.112.108.112,high
56ce7840395211ec8fb7502f9b172694,2021-10-28,http,10.112.117.158,10.112.108.112,high
56ceed10395211ec84ab502f9b172694,2021-10-28,ssh,10.112.117.158,120.53.125.30,high
56cf88dc395211eca85e502f9b172694,2021-10-28,http,10.112.117.158,10.112.108.112,high
56cffdc0395211ec87be502f9b172694,2021-10-28,http,10.112.117.158,10.112.108.112,high
56d04bac395211ec8528502f9b172694,2021-10-28,http,10.112.117.158,10.112.108.112,high
56d0e79a395211ec9391502f9b172694,2021-10-28,http,10.112.117.158,10.112.108.112,high
56d15c62395211ec9278502f9b172694,2021-10-28,ssh,10.112.117.158,120.53.125.30,high
56d1d140395211eca299502f9b172694,2021-10-28,http,10.112.117.158,10.112.108.112,high
56d2461e395211eca881502f9b172694,2021-10-28,http,10.112.117.158,10.112.108.112,high
56d2bb06395211ec894b502f9b172694,2021-10-28,http,10.112.117.158,10.112.108.112,high
56d32fdc395211ec9bc0502f9b172694,2021-10-28,http,10.112.117.158,10.112.108.112,high
56d37dca395211ec95a6502f9b172694,2021-10-28,ssh,10.112.117.158,120.53.125.30,high
56d3f2ac395211ecbf89502f9b172694,2021-10-28,http,10.112.117.158,10.112.108.112,high
56d46788395211eca59c502f9b172694,2021-10-28,http,10.112.117.158,10.112.108.112,high
56d4dc6e395211ec9e6c502f9b172694,2021-10-28,http,10.112.117.158,10.112.108.112,high
56d52a58395211ec8e64502f9b172694,2021-10-28,http,10.112.117.158,10.112.108.112,high
56d59f30395211ecafa8502f9b172694,2021-10-28,ssh,10.112.117.158,120.53.125.30,high
56d6141a395211ecbccd502f9b172694,2021-10-28,http,10.112.117.158,10.112.108.112,high
56d66200395211ecacec502f9b172694,2021-10-28,http,10.112.117.158,10.112.108.112,high
56d6d6de395211ecb570502f9b172694,2021-10-28,http,10.112.117.158,10.112.108.112,high
56d724c8395211ec8d60502f9b172694,2021-10-28,http,10.112.117.158,10.112.108.112,high
56d799ac395211ecb340502f9b172694,2021-10-28,ssh,10.112.117.158,120.53.125.30,high
56d80e94395211ec85da502f9b172694,2021-10-28,http,10.112.117.158,10.112.108.112,high
56d88366395211ec9e57502f9b172694,2021-10-28,http,10.112.117.158,10.112.108.112,high
56d8d152395211ec826f502f9b172694,2021-10-28,http,10.112.117.158,10.112.108.112,high
56d94634395211ec8fda502f9b172694,2021-10-28,http,10.112.117.158,10.112.108.112,high
56d9bb12395211eca12e502f9b172694,2021-10-28,ssh,10.112.117.158,120.53.125.30,high
56da08fa395211ec8df3502f9b172694,2021-10-28,http,10.112.117.158,10.112.108.112,high
56da7dde395211ec854e502f9b172694,2021-10-28,http,10.112.117.158,10.112.108.112,high
56daf2c8395211ec94a2502f9b172694,2021-10-28,http,10.112.117.158,10.112.108.112,high
56db40a6395211ecb994502f9b172694,2021-10-28,http,10.112.117.158,10.112.108.112,high
56dbb58a395211ecac6c502f9b172694,2021-10-28,ssh,10.112.117.158,120.53.125.30,high
56dc2a6e395211ecbdab502f9b172694,2021-10-28,http,10.112.117.158,10.112.108.112,high
56dc7858395211ecad4e502f9b172694,2021-10-28,http,10.112.117.158,10.112.108.112,high
56dced34395211ec9962502f9b172694,2021-10-28,http,10.112.117.158,10.112.108.112,high
56dd6218395211ec9a6f502f9b172694,2021-10-28,http,10.112.117.158,10.112.108.112,high
56ddaffa395211ec8ac5502f9b172694,2021-10-28,ssh,10.112.117.158,120.53.125.30,high
56de24dc395211ec852b502f9b172694,2021-10-28,http,10.112.117.158,10.112.108.112,high
56de99ba395211ec86f2502f9b172694,2021-10-28,http,10.112.117.158,10.112.108.112,high
56df0ea2395211ecaa0b502f9b172694,2021-10-28,http,10.112.117.158,10.112.108.112,high
56df5c86395211ecad19502f9b172694,2021-10-28,http,10.112.117.158,10.112.108.112,high
56dfd166395211ecb0cf502f9b172694,2021-10-28,ssh,10.112.117.158,120.53.125.30,high
56e01f52395211eca4b3502f9b172694,2021-10-28,http,10.112.117.158,10.112.108.112,high
56e09436395211ec9055502f9b172694,2021-10-28,http,10.112.117.158,10.112.108.112,high
56e10912395211eca87b502f9b172694,2021-10-28,http,10.112.117.158,10.112.108.112,high
56e17e00395211ecb85a502f9b172694,2021-10-28,http,10.112.117.158,10.112.108.112,high
56e1cbdc395211ec84a2502f9b172694,2021-10-28,ssh,10.112.117.158,120.53.125.30,high
56e240ba395211ecaa41502f9b172694,2021-10-28,http,10.112.117.158,10.112.108.112,high
56e2b59c395211ecbae8502f9b172694,2021-10-28,http,10.112.117.158,10.112.108.112,high
56e32a80395211ecbba2502f9b172694,2021-10-28,http,10.112.117.158,10.112.108.112,high
56e39f62395211ecb149502f9b172694,2021-10-28,http,10.112.117.158,10.112.108.112,high
56e4143a395211eca17b502f9b172694,2021-10-28,ssh,10.112.117.158,120.53.125.30,high
56e4622c395211ec98a6502f9b172694,2021-10-28,http,10.112.117.158,10.112.108.112,high
56e4d708395211ec9fde502f9b172694,2021-10-28,http,10.112.117.158,10.112.108.112,high
56e54bf0395211eca633502f9b172694,2021-10-28,http,10.112.117.158,10.112.108.112,high
56e599e4395211ecaf13502f9b172694,2021-10-28,http,10.112.117.158,10.112.108.112,high
56e60eb6395211ec8c00502f9b172694,2021-10-28,ssh,10.112.117.158,120.53.125.30,high
56e68398395211ec95e0502f9b172694,2021-10-28,http,10.112.117.158,10.112.108.112,high
56e6d180395211eca73c502f9b172694,2021-10-28,http,10.112.117.158,10.112.108.112,high
56e7466c395211ec8628502f9b172694,2021-10-28,http,10.112.117.158,10.112.108.112,high
56e7bb4a395211ecacc6502f9b172694,2021-10-28,http,10.112.117.158,10.112.108.112,high
56e8301e395211ecaced502f9b172694,2021-10-28,ssh,10.112.117.158,120.53.125.30,high
56e87e0a395211ecae5f502f9b172694,2021-10-28,http,10.112.117.158,10.112.108.112,high
56e8f2e4395211ec89c8502f9b172694,2021-10-28,http,10.112.117.158,10.112.108.112,high
56e967cc395211ec8e02502f9b172694,2021-10-28,http,10.112.117.158,10.112.108.112,high
56e9b5b0395211ec96a3502f9b172694,2021-10-28,http,10.112.117.158,10.112.108.112,high
56ea2a98395211ec915e502f9b172694,2021-10-28,ssh,10.112.117.158,120.53.125.30,high
56ea9f70395211ec883c502f9b172694,2021-10-28,http,10.112.117.158,10.112.108.112,high
56eb1450395211ecaa55502f9b172694,2021-10-28,http,10.112.117.158,10.112.108.112,high
56eb6246395211ec8b26502f9b172694,2021-10-28,http,10.112.117.158,10.112.108.112,high
56ebd71c395211ec893f502f9b172694,2021-10-28,http,10.112.117.158,10.112.108.112,high
56ec4bfe395211ecbd22502f9b172694,2021-10-28,ssh,10.112.117.158,120.53.125.30,high
56ec99e4395211ecb5f8502f9b172694,2021-10-28,http,10.112.117.158,10.112.108.112,high
56ed0ed2395211ecbbf3502f9b172694,2021-10-28,http,10.112.117.158,10.112.108.112,high
56ed5cba395211ec8d3e502f9b172694,2021-10-28,http,10.112.117.158,10.112.108.112,high
56edd19a395211eca415502f9b172694,2021-10-28,http,10.112.117.158,10.112.108.112,high
56ee4670395211eca966502f9b172694,2021-10-28,ssh,10.112.117.158,120.53.125.30,high
56ee9464395211ecac27502f9b172694,2021-10-28,http,10.112.117.158,10.112.108.112,high
56ef093a395211ec90c7502f9b172694,2021-10-28,http,10.112.117.158,10.112.108.112,high
56ef5726395211ec96fe502f9b172694,2021-10-28,http,10.112.117.158,10.112.108.112,high
56efcc12395211eca386502f9b172694,2021-10-28,http,10.112.117.158,10.112.108.112,high
56f040e6395211eca1f6502f9b172694,2021-10-28,ssh,10.112.117.158,120.53.125.30,high
56f08ed2395211ecbd2a502f9b172694,2021-10-28,http,10.112.117.158,10.112.108.112,high
56f103b0395211ecac4a502f9b172694,2021-10-28,http,10.112.117.158,10.112.108.112,high
56f151a6395211eca474502f9b172694,2021-10-28,http,10.112.117.158,10.112.108.112,high
56f1c67a395211ecaa59502f9b172694,2021-10-28,http,10.112.117.158,10.112.108.112,high
56f23b5c395211ec8df1502f9b172694,2021-10-28,ssh,10.112.117.158,120.53.125.30,high
56f28946395211ec8ee9502f9b172694,2021-10-28,http,10.112.117.158,10.112.108.112,high
56f2fe28395211ec9833502f9b172694,2021-10-28,http,10.112.117.158,10.112.108.112,high
56f37308395211ec93f2502f9b172694,2021-10-28,dns,10.112.117.158,10.112.108.112,high
56f3c0fe395211ec8bb8502f9b172694,2021-10-28,http,10.112.117.158,10.112.108.112,high
56f435d2395211ec8b9d502f9b172694,2021-10-28,http,10.112.117.158,10.112.108.112,high
56f4aaba395211ec9e62502f9b172694,2021-10-28,ssh,10.112.117.158,120.53.125.30,high
56f4f89c395211ecbc0c502f9b172694,2021-10-28,http,10.112.117.158,10.112.108.112,high
56f56d7e395211eca3fa502f9b172694,2021-10-28,http,10.112.117.158,10.112.108.112,high
56f5bb68395211ec87d5502f9b172694,2021-10-28,http,10.112.117.158,10.112.108.112,high
56f63048395211ecad73502f9b172694,2021-10-28,http,10.112.117.158,10.112.108.112,high
56f6a524395211ecbff3502f9b172694,2021-10-28,ssh,10.112.117.158,120.53.125.30,high
56f6f31a395211ecb8c0502f9b172694,2021-10-28,http,10.112.117.158,10.112.108.112,high
56f767fa395211ec8c72502f9b172694,2021-10-28,http,10.112.117.158,10.112.108.112,high
56f7dcd2395211ec93e7502f9b172694,2021-10-28,dns,10.112.117.158,10.112.108.112,high
56f82aba395211ecac4b502f9b172694,2021-10-28,http,10.112.117.158,10.112.108.112,high
56f89fa6395211eca05d502f9b172694,2021-10-28,http,10.112.117.158,10.112.108.112,high
56f8ed94395211ec82d6502f9b172694,2021-10-28,ssh,10.112.117.158,120.53.125.30,high
56f96264395211eca1cb502f9b172694,2021-10-28,http,10.112.117.158,10.112.108.112,high
56f9b05c395211ecbb1a502f9b172694,2021-10-28,http,10.112.117.158,10.112.108.112,high
56fa2534395211ec815b502f9b172694,2021-10-28,http,10.112.117.158,10.112.108.112,high
56fa9a12395211ec9545502f9b172694,2021-10-28,http,10.112.117.158,10.112.108.112,high
56fae7fe395211ecb142502f9b172694,2021-10-28,ssh,10.112.117.158,120.53.125.30,high
56fb5ce4395211ec9af8502f9b172694,2021-10-28,http,10.112.117.158,10.112.108.112,high
56fbaad0395211ec98b6502f9b172694,2021-10-28,http,10.112.117.158,10.112.108.112,high
56fc1fa6395211ec83cd502f9b172694,2021-10-28,http,10.112.117.158,10.112.108.112,high
56fc9490395211eca4cc502f9b172694,2021-10-28,http,10.112.117.158,10.112.108.112,high
56fce274395211ecb01c502f9b172694,2021-10-28,ssh,10.112.117.158,120.53.125.30,high
56fd5752395211ec9e9a502f9b172694,2021-10-28,http,10.112.117.158,10.112.108.112,high
56fda542395211ec93c2502f9b172694,2021-10-28,http,10.112.117.158,10.112.108.112,high
56fe1a24395211ecbb35502f9b172694,2021-10-28,http,10.112.117.158,10.112.108.112,high
56fe6812395211ecbfec502f9b172694,2021-10-28,http,10.112.117.158,10.112.108.112,high
56fedcf6395211ecb0e8502f9b172694,2021-10-28,ssh,10.112.117.158,120.53.125.30,high
56ff51c6395211eca9dd502f9b172694,2021-10-28,http,10.112.117.158,10.112.108.112,high
56ff9fc6395211ec883e502f9b172694,2021-10-28,http,10.112.117.158,10.112.108.112,high
570014a4395211ec99fc502f9b172694,2021-10-28,http,10.112.117.158,10.112.108.112,high
5700897a395211ec8fd2502f9b172694,2021-10-28,http,10.112.117.158,10.112.108.112,high
5700d75c395211ecbb97502f9b172694,2021-10-28,ssh,10.112.117.158,120.53.125.30,high
57014c48395211ec9815502f9b172694,2021-10-28,http,10.112.117.158,10.112.108.112,high
5701c124395211eca76f502f9b172694,2021-10-28,http,10.112.117.158,10.112.108.112,high
57020f06395211ecb331502f9b172694,2021-10-28,http,10.112.117.158,10.112.108.112,high
570283e6395211ec8376502f9b172694,2021-10-28,http,10.112.117.158,10.112.108.112,high
5702f8d4395211ec9ffe502f9b172694,2021-10-28,ssh,10.112.117.158,120.53.125.30,high
57036da6395211ecb778502f9b172694,2021-10-28,http,10.112.117.158,10.112.108.112,high
5703bb92395211ecac0e502f9b172694,2021-10-28,http,10.112.117.158,10.112.108.112,high
57043070395211ecb26c502f9b172694,2021-10-28,http,10.112.117.158,10.112.108.112,high
5704a55c395211ecb155502f9b172694,2021-10-28,http,10.112.117.158,10.112.108.112,high
5704f33e395211ec8f1b502f9b172694,2021-10-28,ssh,10.112.117.158,120.53.125.30,high
5705681c395211ec89a9502f9b172694,2021-10-28,http,10.112.117.158,10.112.108.112,high
5705dd08395211ec97b4502f9b172694,2021-10-28,http,10.112.117.158,10.112.108.112,high
57062ae6395211ecaa42502f9b172694,2021-10-28,http,10.112.117.158,10.112.108.112,high
57069fd0395211ec8680502f9b172694,2021-10-28,http,10.112.117.158,10.112.108.112,high
5706edb4395211ecbca8502f9b172694,2021-10-28,ssh,10.112.117.158,120.53.125.30,high
57076292395211ecade9502f9b172694,2021-10-28,http,10.112.117.158,10.112.108.112,high
5707d774395211ec8371502f9b172694,2021-10-28,http,10.112.117.158,10.112.108.112,high
57082564395211ec9b5f502f9b172694,2021-10-28,dns,10.112.117.158,10.112.108.112,high
57089a40395211ec802f502f9b172694,2021-10-28,http,10.112.117.158,10.112.108.112,high
57090f28395211ec8bbe502f9b172694,2021-10-28,http,10.112.117.158,10.112.108.112,high
57095d0c395211ec8151502f9b172694,2021-10-28,ssh,10.112.117.158,120.53.125.30,high
5709d1f6395211ecbd8a502f9b172694,2021-10-28,http,10.112.117.158,10.112.108.112,high
570a46c6395211eca2d7502f9b172694,2021-10-28,http,10.112.117.158,10.112.108.112,high
570abbae395211ec8031502f9b172694,2021-10-28,tls,10.112.117.158,34.210.39.83,high
570b3094395211ecb7dd502f9b172694,2021-10-28,http,10.112.117.158,10.112.108.112,high
570b7e7e395211ec9be5502f9b172694,2021-10-28,http,10.112.117.158,10.112.108.112,high
570bf35a395211ec93e9502f9b172694,2021-10-28,ssh,10.112.117.158,120.53.125.30,high
570c6834395211ec9769502f9b172694,2021-10-28,http,10.112.117.158,10.112.108.112,high
570cb61e395211ec85e9502f9b172694,2021-10-28,http,10.112.117.158,10.112.108.112,high
570d2b0a395211ecb3be502f9b172694,2021-10-28,dns,10.112.117.158,10.112.108.112,high
570d9fde395211ecaf2e502f9b172694,2021-10-28,dns,10.112.117.158,10.112.108.112,high
570dedd2395211ec80c0502f9b172694,2021-10-28,http,10.112.117.158,10.112.108.112,high
570e62b8395211ec8ca2502f9b172694,2021-10-28,http,10.112.117.158,10.112.108.112,high
570ed788395211ec9d4f502f9b172694,2021-10-28,tls,10.112.117.158,39.156.66.14,high
570f4c6e395211ec8042502f9b172694,2021-10-28,dns,10.112.117.158,10.112.108.112,high
570f9a58395211ecaaba502f9b172694,2021-10-28,tls,10.112.117.158,223.99.240.35,high
57100f30395211ec8da0502f9b172694,2021-10-28,dns,10.112.117.158,10.112.108.112,high
5710841e395211ec9ba0502f9b172694,2021-10-28,dns,10.112.117.158,10.112.108.112,high
5710d1fe395211ec87ae502f9b172694,2021-10-28,dns,10.112.117.158,10.112.108.112,high
571146da395211ec94bf502f9b172694,2021-10-28,dns,10.112.117.158,10.112.108.112,high
5711bbba395211ec8a48502f9b172694,2021-10-28,dns,10.112.117.158,10.112.108.112,high
571209ae395211ecaccc502f9b172694,2021-10-28,dns,10.112.117.158,10.112.108.112,high
57127e86395211ec96e1502f9b172694,2021-10-28,fileinfo,104.123.154.24,10.112.117.158,high
5712f368395211eca64d502f9b172694,2021-10-28,dns,10.112.117.158,10.112.108.112,high
5713415c395211ec98b9502f9b172694,2021-10-28,dns,10.112.117.158,10.112.108.112,high
5713b638395211ecbef7502f9b172694,2021-10-28,dns,10.112.117.158,10.112.108.112,high
57140424395211ec96e7502f9b172694,2021-10-28,dns,10.112.117.158,10.112.108.112,high
571478fa395211ec93a2502f9b172694,2021-10-28,dns,10.112.117.158,10.112.108.112,high
5714ede4395211ecb64f502f9b172694,2021-10-28,dns,10.112.117.158,10.112.108.112,high
571562be395211ec9e45502f9b172694,2021-10-28,ssh,10.112.117.158,120.53.125.30,high
5715b0ae395211ec9fa0502f9b172694,2021-10-28,dns,10.112.117.158,10.112.108.112,high
57162586395211ec962f502f9b172694,2021-10-28,dns,10.112.117.158,10.112.108.112,high
57169a66395211ec9d16502f9b172694,2021-10-28,dns,10.112.117.158,10.112.108.112,high
5716e85e395211ec9970502f9b172694,2021-10-28,dns,10.112.117.158,10.112.108.112,high
57175d3a395211ec8840502f9b172694,2021-10-28,dns,10.112.117.158,10.112.108.112,high
5717d212395211ec8847502f9b172694,2021-10-28,dns,10.112.117.158,10.112.108.112,high
